,0
Butter,방탄소년단
Next Level,aespa
헤픈 우연,헤이즈(Heize)
Dun Dun Dance,오마이걸(OH MY GIRL)
상상더하기,라붐(LABOUM)
ASAP,STAYC(스테이씨)
"Peaches (feat. Daniel Caesar, Giveon)",Justin Bieber(저스틴 비버)
체념,"정상동기 (김정수, 정기석, 이동휘, 이상이)"
마.피.아. In the morning,ITZY (있지)
롤린 (Rollin'),브레이브걸스(Brave Girls)
"친구, 그 오랜시간",정승환
라일락,아이유(IU)
서울의 잠 못 이루는 밤 (Feat. 이수현),10CM
만약에,"M.O.M (별루지, 강창모, 박재정, 원슈타인)"
I Love U,성시경
Off My Face,Justin Bieber(저스틴 비버)
Je T′aime,조이 (JOY)
운전만해 (We Ride),브레이브걸스(Brave Girls)
Timeless,SG워너비
Dynamite,방탄소년단
처음처럼 (Feat. 개리),헤이즈(Heize)
감기 (Feat. 창모),헤이즈(Heize)
Celebrity,아이유(IU)
Summer,The Volunteers (더 발룬티어스)
If You Love Me (Feat. 주헌 (몬스타엑스)),NS Yoon-G
라라라,SG워너비
내사람: Partner For Life,SG워너비
PINKTOP,The Volunteers (더 발룬티어스)
Violet,The Volunteers (더 발룬티어스)
너를 사랑했던 시간,성시경
어푸 (Ah puh),아이유(IU)
Let me go!,The Volunteers (더 발룬티어스)
그냥 안아달란 말야,다비치
Coin,아이유(IU)
Radio,The Volunteers (더 발룬티어스)
작은 것들을 위한 시 (Boy With Luv) (Feat. Halsey),방탄소년단
Kiss Me More (feat. SZA),Doja Cat(도자 캣)
Black Mamba,aespa
"사이렌 Remix (Feat. UNEDUCATED KID, Paul Blanco)",호미들
S.A.D,The Volunteers (더 발룬티어스)
우리 한 때 사랑한 건,성시경
Time to fight back in my way,The Volunteers (더 발룬티어스)
Nicer,The Volunteers (더 발룬티어스)
맛 (Hot Sauce),NCT DREAM
미안해 널 사랑해 (Feat. 김필),헤이즈(Heize)
Medicine,The Volunteers (더 발룬티어스)
Crap,The Volunteers (더 발룬티어스)
Life Goes On,방탄소년단
내 손을 잡아,아이유(IU)
WE GO,프로미스나인
러브레터,정승환
Leave The Door Open,Bruno Mars(브루노 마스)
파도,폴킴(Paul Kim)
비도 오고 그래서 (Feat. 신용재),헤이즈(Heize)
"LOVE DAY (2021) (바른연애 길잡이 X 양요섭, 정은지)",양요섭
On The Ground,로제(ROSÉ)
아이와 나의 바다,아이유(IU)
닫힌엔딩 (Closed Ending),숀(SHAUN)
빗물에게 들으니 (Feat. 안예은),헤이즈(Heize)
Savage Love (Laxed - Siren Beat) (BTS Remix),Jawsh 685
에잇(Prod.&Feat. SUGA of BTS),아이유(IU)
parachute,John K
At My Worst,Pink Sweat$
Dolphin,오마이걸(OH MY GIRL)
살짝 설렜어 (Nonstop),오마이걸(OH MY GIRL)
멜로디,ASH ISLAND
그대를 사랑하는 10가지 이유(2021),이석훈
불어온다,하이라이트(Highlight)
Blueming,아이유(IU)
Advice,태민 (TAEMIN)
Beautiful Mistakes,Maroon 5(마룬 파이브)
Lovesick Girls,BLACKPINK
흔들리는 꽃들 속에서 네 샴푸향이 느껴진거야,장범준
"어떻게 이별까지 사랑하겠어, 널 사랑하는 거지",AKMU (악동뮤지션)
취기를 빌려 (취향저격 그녀 X 산들),산들
살다가,SG워너비
이음새,성시경
신호등,이무진
오래된 노래,스탠딩 에그(Standing Egg)
너의 발걸음에 빛을 비춰줄게 (Prod. 조영수),케이시
밝게 빛나는 별이 되어 비춰줄게,송이한
밤하늘의 별을(2020),경서
고래 (Dive Into You),NCT DREAM
Breaking Down,에일리(AILEE)
"모든 날, 모든 순간 (Every day, Every Moment)",폴킴(Paul Kim)
잠이 오질 않네요,장범준
죄와 벌,SG워너비
Why,헤이즈(Heize)
너의 모든 순간,성시경
안녕 나의 사랑,성시경
이 밤을 빌려 말해요 (바른연애 길잡이 X 10CM),10CM
2002,Anne-Marie(앤 마리)
나랑 같이 걸을래 (바른연애 길잡이 X 적재),적재
달라달라,ITZY (있지)
12:45 (Stripped),Etham
Like 1999,Valley
봄을 지나며,정승환
METEOR,창모(CHANGMO)
밤편지,아이유(IU)
